is,have,'s,do,are
0.2972972972972973,0.16216216216216217,0.0,0.21621621621621623,0.32432432432432434
0.40298507462686567,0.19402985074626866,0.0,0.19402985074626866,0.208955223880597
0.32,0.4533333333333333,0.0,0.09333333333333334,0.13333333333333333
0.2761904761904762,0.29523809523809524,0.0,0.20952380952380953,0.21904761904761905
0.33482142857142855,0.3125,0.0,0.16071428571428573,0.19196428571428573
0.46551724137931033,0.2413793103448276,0.0,0.11494252873563218,0.1781609195402299
0.33121019108280253,0.2929936305732484,0.0,0.1464968152866242,0.22929936305732485
0.38235294117647056,0.29411764705882354,0.0,0.1323529411764706,0.19117647058823528
0.35,0.3,0.0,0.22727272727272727,0.12272727272727273
0.5026455026455027,0.24338624338624337,0.0,0.13227513227513227,0.12169312169312169
0.21935483870967742,0.36774193548387096,0.0,0.1935483870967742,0.21935483870967742
0.3118811881188119,0.400990099009901,0.0,0.09900990099009901,0.18811881188118812
0.252212389380531,0.37168141592920356,0.0,0.2079646017699115,0.168141592920354
0.2289156626506024,0.4367469879518072,0.0,0.16566265060240964,0.1686746987951807
0.4088669950738916,0.23645320197044334,0.0,0.22660098522167488,0.12807881773399016
0.4362745098039216,0.27941176470588236,0.0,0.12254901960784313,0.16176470588235295
0.4672131147540984,0.20491803278688525,0.0,0.1885245901639344,0.13934426229508196
0.3680555555555556,0.2847222222222222,0.0,0.19444444444444445,0.1527777777777778
0.38848920863309355,0.28776978417266186,0.0,0.1510791366906475,0.17266187050359713
0.312,0.28,0.0,0.2,0.208
0.5370370370370371,0.2037037037037037,0.0,0.16666666666666666,0.09259259259259259
0.22916666666666666,0.5,0.0,0.125,0.14583333333333334
0.4375,0.3125,0.0,0.0625,0.1875
0.3977272727272727,0.3068181818181818,0.0,0.14772727272727273,0.14772727272727273
0.4153846153846154,0.3076923076923077,0.0,0.15384615384615385,0.12307692307692308
0.36363636363636365,0.18181818181818182,0.0,0.2,0.2545454545454545
0.26666666666666666,0.4,0.0,0.13333333333333333,0.2
0.41935483870967744,0.25806451612903225,0.0,0.22580645161290322,0.0967741935483871
0.4489795918367347,0.20408163265306123,0.0,0.14285714285714285,0.20408163265306123
0.3333333333333333,0.4666666666666667,0.0,0.16,0.04
0.4423076923076923,0.23076923076923078,0.0,0.038461538461538464,0.28846153846153844
0.3333333333333333,0.375,0.0,0.20833333333333334,0.08333333333333333
0.3953488372093023,0.3488372093023256,0.0,0.09302325581395349,0.16279069767441862
0.4262295081967213,0.29508196721311475,0.0,0.08196721311475409,0.19672131147540983
0.35185185185185186,0.4444444444444444,0.0,0.1111111111111111,0.09259259259259259
0.37142857142857144,0.3142857142857143,0.0,0.11428571428571428,0.2
0.3939393939393939,0.3181818181818182,0.0,0.07575757575757576,0.21212121212121213
0.3880597014925373,0.31343283582089554,0.0,0.11940298507462686,0.1791044776119403
0.22727272727272727,0.36363636363636365,0.0,0.16363636363636364,0.24545454545454545
0.4772727272727273,0.22348484848484848,0.0,0.14772727272727273,0.15151515151515152
0.25,0.39344262295081966,0.0,0.18032786885245902,0.1762295081967213
0.19148936170212766,0.40425531914893614,0.0,0.19148936170212766,0.2127659574468085
0.23376623376623376,0.4675324675324675,0.0,0.16883116883116883,0.12987012987012986
0.3541666666666667,0.34375,0.0,0.03125,0.2708333333333333
0.40540540540540543,0.35135135135135137,0.0,0.08108108108108109,0.16216216216216217
0.42857142857142855,0.3142857142857143,0.0,0.12857142857142856,0.12857142857142856
0.35714285714285715,0.32142857142857145,0.0,0.21428571428571427,0.10714285714285714
0.2702702702702703,0.4864864864864865,0.0,0.1891891891891892,0.05405405405405406
0.410958904109589,0.273972602739726,0.0,0.1232876712328767,0.1917808219178082
0.3372093023255814,0.27906976744186046,0.0,0.2441860465116279,0.13953488372093023
0.37777777777777777,0.3111111111111111,0.0,0.06666666666666667,0.24444444444444444
0.21052631578947367,0.5657894736842105,0.0,0.14473684210526316,0.07894736842105263
0.36363636363636365,0.30303030303030304,0.0,0.16666666666666666,0.16666666666666666
0.42245989304812837,0.3155080213903743,0.0,0.0962566844919786,0.1657754010695187
0.37254901960784315,0.35294117647058826,0.0,0.16666666666666666,0.10784313725490197
0.4225352112676056,0.2535211267605634,0.0,0.14084507042253522,0.18309859154929578
0.36764705882352944,0.38235294117647056,0.0,0.08823529411764706,0.16176470588235295
0.3888888888888889,0.24074074074074073,0.0,0.2222222222222222,0.14814814814814814
0.39316239316239315,0.3418803418803419,0.0,0.05982905982905983,0.20512820512820512
0.43283582089552236,0.3283582089552239,0.0,0.05970149253731343,0.1791044776119403
0.5,0.3409090909090909,0.0,0.045454545454545456,0.11363636363636363
0.6119402985074627,0.1791044776119403,0.0,0.04477611940298507,0.16417910447761194
0.3879310344827586,0.3448275862068966,0.0,0.14655172413793102,0.1206896551724138
0.37748344370860926,0.3443708609271523,0.0,0.17218543046357615,0.10596026490066225
0.32413793103448274,0.3793103448275862,0.0,0.10344827586206896,0.19310344827586207
0.4076923076923077,0.4153846153846154,0.0,0.06153846153846154,0.11538461538461539
0.45,0.25,0.0,0.125,0.175
0.3142857142857143,0.37142857142857144,0.0,0.2,0.11428571428571428
0.3953488372093023,0.3488372093023256,0.0,0.13953488372093023,0.11627906976744186
0.34444444444444444,0.37777777777777777,0.0,0.13333333333333333,0.14444444444444443
0.45132743362831856,0.25663716814159293,0.0,0.13274336283185842,0.1592920353982301
0.375,0.3409090909090909,0.0,0.07954545454545454,0.20454545454545456
0.3584905660377358,0.24528301886792453,0.0,0.16981132075471697,0.22641509433962265
0.2777777777777778,0.3333333333333333,0.0,0.2777777777777778,0.1111111111111111
0.4594594594594595,0.13513513513513514,0.0,0.02702702702702703,0.3783783783783784
0.3684210526315789,0.34210526315789475,0.0,0.18421052631578946,0.10526315789473684
0.23076923076923078,0.4307692307692308,0.0,0.13076923076923078,0.2076923076923077
0.20168067226890757,0.44537815126050423,0.0,0.17647058823529413,0.17647058823529413
0.3375796178343949,0.24203821656050956,0.0,0.20382165605095542,0.21656050955414013
0.32051282051282054,0.32051282051282054,0.0,0.20512820512820512,0.15384615384615385
0.2876712328767123,0.2602739726027397,0.0,0.0410958904109589,0.410958904109589
0.4782608695652174,0.2608695652173913,0.0,0.07246376811594203,0.18840579710144928
0.22641509433962265,0.3584905660377358,0.0,0.1320754716981132,0.2830188679245283
0.3269230769230769,0.28846153846153844,0.0,0.057692307692307696,0.3269230769230769
0.37142857142857144,0.2857142857142857,0.0,0.17142857142857143,0.17142857142857143
0.35714285714285715,0.42857142857142855,0.0,0.07142857142857142,0.14285714285714285
0.41721854304635764,0.2582781456953642,0.0,0.07947019867549669,0.24503311258278146
0.35036496350364965,0.36496350364963503,0.0,0.13138686131386862,0.15328467153284672
0.31210191082802546,0.37579617834394907,0.0,0.08917197452229299,0.2229299363057325
0.3626373626373626,0.3516483516483517,0.0,0.12087912087912088,0.16483516483516483
0.44285714285714284,0.35714285714285715,0.0,0.05714285714285714,0.14285714285714285
0.4634146341463415,0.21951219512195122,0.0,0.14634146341463414,0.17073170731707318
0.34615384615384615,0.3076923076923077,0.0,0.1346153846153846,0.21153846153846154
0.4264705882352941,0.36764705882352944,0.0,0.07352941176470588,0.1323529411764706
0.21666666666666667,0.5833333333333334,0.0,0.11666666666666667,0.08333333333333333
0.3,0.45,0.0,0.1375,0.1125
0.2972972972972973,0.2702702702702703,0.0,0.2702702702702703,0.16216216216216217
0.305,0.39,0.0,0.125,0.18
0.24774774774774774,0.5180180180180181,0.0,0.15765765765765766,0.07657657657657657
0.4507462686567164,0.2716417910447761,0.0,0.07462686567164178,0.20298507462686566
0.39204545454545453,0.2727272727272727,0.0,0.13068181818181818,0.20454545454545456
0.29333333333333333,0.3333333333333333,0.0,0.16,0.21333333333333335
0.38271604938271603,0.29012345679012347,0.0,0.1419753086419753,0.18518518518518517
0.37209302325581395,0.34108527131782945,0.0,0.12403100775193798,0.16279069767441862
0.36666666666666664,0.37777777777777777,0.0,0.08888888888888889,0.16666666666666666
0.3387096774193548,0.3548387096774194,0.0,0.18548387096774194,0.12096774193548387
0.46987951807228917,0.2469879518072289,0.0,0.0783132530120482,0.20481927710843373
0.2692307692307692,0.2692307692307692,0.0,0.2932692307692308,0.16826923076923078
0.4036697247706422,0.27522935779816515,0.0,0.1651376146788991,0.1559633027522936
0.37681159420289856,0.2753623188405797,0.0,0.08695652173913043,0.2608695652173913
0.3333333333333333,0.3888888888888889,0.0,0.19444444444444445,0.08333333333333333
0.3877551020408163,0.32653061224489793,0.0,0.16326530612244897,0.12244897959183673
0.3333333333333333,0.43859649122807015,0.0,0.10526315789473684,0.12280701754385964
0.41304347826086957,0.3695652173913043,0.0,0.08695652173913043,0.13043478260869565
0.4020618556701031,0.27835051546391754,0.0,0.12371134020618557,0.1958762886597938
0.24742268041237114,0.4020618556701031,0.0,0.2268041237113402,0.12371134020618557
0.42857142857142855,0.35714285714285715,0.0,0.11904761904761904,0.09523809523809523
0.4423076923076923,0.19230769230769232,0.0,0.23076923076923078,0.1346153846153846
0.45098039215686275,0.2549019607843137,0.0,0.11764705882352941,0.17647058823529413
0.5714285714285714,0.3142857142857143,0.0,0.02857142857142857,0.08571428571428572
0.4777777777777778,0.2777777777777778,0.0,0.13333333333333333,0.1111111111111111
0.4027777777777778,0.3333333333333333,0.0,0.09722222222222222,0.16666666666666666
0.5238095238095238,0.23809523809523808,0.0,0.16666666666666666,0.07142857142857142
0.28169014084507044,0.30985915492957744,0.0,0.15492957746478872,0.2535211267605634
0.2537313432835821,0.3880597014925373,0.0,0.26865671641791045,0.08955223880597014
0.35135135135135137,0.24324324324324326,0.0,0.13513513513513514,0.2702702702702703
0.3611111111111111,0.4444444444444444,0.0,0.05555555555555555,0.1388888888888889
0.3125,0.5625,0.0,0.03125,0.09375
0.35,0.25,0.0,0.12,0.28
0.4019607843137255,0.2549019607843137,0.0,0.10784313725490197,0.23529411764705882
0.34146341463414637,0.25609756097560976,0.0,0.24390243902439024,0.15853658536585366
0.5151515151515151,0.1414141414141414,0.0,0.16161616161616163,0.18181818181818182
0.45045045045045046,0.32432432432432434,0.0,0.07207207207207207,0.15315315315315314
0.34065934065934067,0.3956043956043956,0.0,0.08791208791208792,0.17582417582417584
0.3235294117647059,0.5882352941176471,0.0,0.058823529411764705,0.029411764705882353
0.32558139534883723,0.3488372093023256,0.0,0.09302325581395349,0.23255813953488372
0.4256410256410256,0.2512820512820513,0.0,0.1282051282051282,0.19487179487179487
0.20754716981132076,0.46540880503144655,0.0,0.18238993710691823,0.14465408805031446
0.0,0.0,0.0,0.0,0.0
0.4,0.25,0.0,0.15,0.2
0.49056603773584906,0.20754716981132076,0.0,0.09433962264150944,0.20754716981132076
0.42105263157894735,0.21052631578947367,0.0,0.17543859649122806,0.19298245614035087
0.391304347826087,0.13043478260869565,0.0,0.2608695652173913,0.21739130434782608
0.3333333333333333,0.24242424242424243,0.0,0.21212121212121213,0.21212121212121213
0.39622641509433965,0.2641509433962264,0.0,0.20754716981132076,0.1320754716981132
0.3783783783783784,0.32432432432432434,0.0,0.10810810810810811,0.1891891891891892
0.37362637362637363,0.27472527472527475,0.0,0.13186813186813187,0.21978021978021978
0.41284403669724773,0.3302752293577982,0.0,0.09174311926605505,0.1651376146788991
0.4,0.35384615384615387,0.0,0.1076923076923077,0.13846153846153847
0.4090909090909091,0.3090909090909091,0.0,0.12727272727272726,0.15454545454545454
0.3333333333333333,0.34782608695652173,0.0,0.14492753623188406,0.17391304347826086
0.36538461538461536,0.36538461538461536,0.0,0.07692307692307693,0.19230769230769232
0.34375,0.265625,0.0,0.03125,0.359375
0.504950495049505,0.22772277227722773,0.0,0.1188118811881188,0.1485148514851485
0.40425531914893614,0.3191489361702128,0.0,0.0425531914893617,0.23404255319148937
0.41379310344827586,0.10344827586206896,0.0,0.3448275862068966,0.13793103448275862
0.3709677419354839,0.4032258064516129,0.0,0.14516129032258066,0.08064516129032258
0.38372093023255816,0.2441860465116279,0.0,0.1744186046511628,0.19767441860465115
0.3448275862068966,0.3448275862068966,0.0,0.25862068965517243,0.05172413793103448
0.3684210526315789,0.3508771929824561,0.0,0.15789473684210525,0.12280701754385964
0.4782608695652174,0.3333333333333333,0.0,0.13043478260869565,0.057971014492753624
0.38095238095238093,0.29523809523809524,0.0,0.13333333333333333,0.19047619047619047
0.38392857142857145,0.3392857142857143,0.0,0.16071428571428573,0.11607142857142858
0.44086021505376344,0.2903225806451613,0.0,0.15053763440860216,0.11827956989247312
0.45263157894736844,0.3473684210526316,0.0,0.15789473684210525,0.042105263157894736
0.29850746268656714,0.26865671641791045,0.0,0.3283582089552239,0.1044776119402985
0.5238095238095238,0.19047619047619047,0.0,0.09523809523809523,0.19047619047619047
0.3611111111111111,0.3888888888888889,0.0,0.1388888888888889,0.1111111111111111
0.2916666666666667,0.08333333333333333,0.0,0.5833333333333334,0.041666666666666664
0.2911392405063291,0.3924050632911392,0.0,0.06329113924050633,0.25316455696202533
0.28125,0.46875,0.0,0.046875,0.203125
0.345679012345679,0.2345679012345679,0.0,0.2345679012345679,0.18518518518518517
0.391304347826087,0.2463768115942029,0.0,0.2318840579710145,0.13043478260869565
0.29310344827586204,0.3793103448275862,0.0,0.15517241379310345,0.1724137931034483
0.39316239316239315,0.3162393162393162,0.0,0.1282051282051282,0.1623931623931624
0.25,0.4262295081967213,0.0,0.11885245901639344,0.20491803278688525
0.4148148148148148,0.28888888888888886,0.0,0.11851851851851852,0.17777777777777778
0.3431372549019608,0.3333333333333333,0.0,0.13725490196078433,0.18627450980392157
0.2589641434262948,0.4103585657370518,0.0,0.22310756972111553,0.10756972111553785
0.3684210526315789,0.2631578947368421,0.0,0.2,0.16842105263157894
0.4369747899159664,0.29411764705882354,0.0,0.09243697478991597,0.17647058823529413
0.21311475409836064,0.26229508196721313,0.0,0.16393442622950818,0.36065573770491804
0.32857142857142857,0.38571428571428573,0.0,0.18571428571428572,0.1
0.36363636363636365,0.4025974025974026,0.0,0.07792207792207792,0.15584415584415584
0.39344262295081966,0.36065573770491804,0.0,0.08196721311475409,0.16393442622950818
0.4266666666666667,0.24,0.0,0.05333333333333334,0.28
0.2876712328767123,0.3561643835616438,0.0,0.1917808219178082,0.1643835616438356
0.39759036144578314,0.24096385542168675,0.0,0.21686746987951808,0.14457831325301204
0.4857142857142857,0.22857142857142856,0.0,0.13333333333333333,0.1523809523809524
0.32142857142857145,0.39285714285714285,0.0,0.14795918367346939,0.1377551020408163
0.25757575757575757,0.37373737373737376,0.0,0.20202020202020202,0.16666666666666666
0.29411764705882354,0.3382352941176471,0.0,0.16176470588235295,0.20588235294117646
0.4146341463414634,0.32926829268292684,0.0,0.1951219512195122,0.06097560975609756
0.3561643835616438,0.3424657534246575,0.0,0.1780821917808219,0.1232876712328767
0.35,0.23333333333333334,0.0,0.16666666666666666,0.25
0.45454545454545453,0.20454545454545456,0.0,0.11363636363636363,0.22727272727272727
0.37681159420289856,0.34782608695652173,0.0,0.15942028985507245,0.11594202898550725
0.39814814814814814,0.32407407407407407,0.0,0.1388888888888889,0.1388888888888889
0.40714285714285714,0.30714285714285716,0.0,0.20714285714285716,0.07857142857142857
0.368,0.264,0.0,0.168,0.2
0.256198347107438,0.2892561983471074,0.0,0.1652892561983471,0.2892561983471074
0.3629032258064516,0.3548387096774194,0.0,0.16129032258064516,0.12096774193548387
0.3560606060606061,0.30303030303030304,0.0,0.1590909090909091,0.18181818181818182
0.4444444444444444,0.4,0.0,0.044444444444444446,0.1111111111111111
0.35555555555555557,0.35555555555555557,0.0,0.1,0.18888888888888888
0.3333333333333333,0.27450980392156865,0.0,0.21568627450980393,0.17647058823529413
0.5,0.2,0.0,0.3,0.0
0.4807692307692308,0.2692307692307692,0.0,0.17307692307692307,0.07692307692307693
0.39215686274509803,0.21568627450980393,0.0,0.29411764705882354,0.09803921568627451
0.22459893048128343,0.33689839572192515,0.0,0.13903743315508021,0.2994652406417112
0.3333333333333333,0.3081761006289308,0.0,0.2389937106918239,0.11949685534591195
0.375,0.23214285714285715,0.0,0.16071428571428573,0.23214285714285715
0.3904109589041096,0.3698630136986301,0.0,0.11643835616438356,0.1232876712328767
0.44594594594594594,0.36486486486486486,0.0,0.0945945945945946,0.0945945945945946
0.2361111111111111,0.2777777777777778,0.0,0.125,0.3611111111111111
0.1791044776119403,0.373134328358209,0.0,0.07462686567164178,0.373134328358209
0.40298507462686567,0.2537313432835821,0.0,0.13432835820895522,0.208955223880597
0.3333333333333333,0.43333333333333335,0.0,0.15,0.08333333333333333
0.4827586206896552,0.3793103448275862,0.0,0.034482758620689655,0.10344827586206896
0.3333333333333333,0.37681159420289856,0.0,0.18840579710144928,0.10144927536231885
0.3935018050541516,0.3176895306859206,0.0,0.06859205776173286,0.22021660649819494
0.2857142857142857,0.38461538461538464,0.0,0.12087912087912088,0.2087912087912088
0.1951219512195122,0.5365853658536586,0.0,0.13414634146341464,0.13414634146341464
0.32432432432432434,0.35135135135135137,0.0,0.12612612612612611,0.1981981981981982
0.32,0.46,0.0,0.14,0.08
0.3469387755102041,0.20408163265306123,0.0,0.22448979591836735,0.22448979591836735
0.3218390804597701,0.41379310344827586,0.0,0.16091954022988506,0.10344827586206896
0.2251655629139073,0.37748344370860926,0.0,0.19205298013245034,0.2052980132450331
0.5,0.2,0.0,0.1375,0.1625
0.4956521739130435,0.2,0.0,0.11304347826086956,0.19130434782608696
0.2876712328767123,0.3515981735159817,0.0,0.1917808219178082,0.1689497716894977
0.4170403587443946,0.2600896860986547,0.0,0.15246636771300448,0.17040358744394618
0.2786885245901639,0.3770491803278688,0.0,0.18579234972677597,0.15846994535519127
0.4,0.3,0.0,0.18333333333333332,0.11666666666666667
0.4523809523809524,0.3333333333333333,0.0,0.07142857142857142,0.14285714285714285
0.35555555555555557,0.37777777777777777,0.0,0.17777777777777778,0.08888888888888889
0.4523809523809524,0.21428571428571427,0.0,0.16666666666666666,0.16666666666666666
0.3333333333333333,0.23809523809523808,0.0,0.2619047619047619,0.16666666666666666
0.34545454545454546,0.36363636363636365,0.0,0.12727272727272726,0.16363636363636364
0.47058823529411764,0.17647058823529413,0.0,0.10294117647058823,0.25
0.3181818181818182,0.4318181818181818,0.0,0.06818181818181818,0.18181818181818182
0.3258426966292135,0.2696629213483146,0.0,0.0898876404494382,0.3146067415730337
0.3924050632911392,0.3037974683544304,0.0,0.21518987341772153,0.08860759493670886
0.34,0.24,0.0,0.18,0.24
0.34,0.34,0.0,0.16,0.16
0.38823529411764707,0.29411764705882354,0.0,0.12941176470588237,0.18823529411764706
0.17333333333333334,0.38666666666666666,0.0,0.3333333333333333,0.10666666666666667
0.2682926829268293,0.3804878048780488,0.0,0.18536585365853658,0.16585365853658537
0.4407894736842105,0.3157894736842105,0.0,0.07236842105263158,0.17105263157894737
0.3,0.49,0.0,0.13,0.08
0.37362637362637363,0.3516483516483517,0.0,0.0989010989010989,0.17582417582417584
0.125,0.25,0.0,0.0,0.625
0.3389830508474576,0.4011299435028249,0.0,0.096045197740113,0.1638418079096045
0.20761245674740483,0.38408304498269896,0.0,0.1522491349480969,0.2560553633217993
0.35555555555555557,0.32063492063492066,0.0,0.1523809523809524,0.17142857142857143
0.41295546558704455,0.1700404858299595,0.0,0.1417004048582996,0.27530364372469635
0.3542600896860987,0.3452914798206278,0.0,0.08968609865470852,0.21076233183856502
0.3333333333333333,0.3939393939393939,0.0,0.13636363636363635,0.13636363636363635
0.2236842105263158,0.42105263157894735,0.0,0.15789473684210525,0.19736842105263158
0.34177215189873417,0.35443037974683544,0.0,0.17721518987341772,0.12658227848101267
0.4,0.3230769230769231,0.0,0.07692307692307693,0.2
0.24719101123595505,0.30337078651685395,0.0,0.25842696629213485,0.19101123595505617
0.3617021276595745,0.3191489361702128,0.0,0.23404255319148937,0.0851063829787234
0.19402985074626866,0.47761194029850745,0.0,0.208955223880597,0.11940298507462686
0.5,0.21794871794871795,0.0,0.11538461538461539,0.16666666666666666
0.2897196261682243,0.3364485981308411,0.0,0.19626168224299065,0.17757009345794392
0.32460732984293195,0.39790575916230364,0.0,0.07853403141361257,0.19895287958115182
0.2538860103626943,0.39896373056994816,0.0,0.19689119170984457,0.15025906735751296
0.35714285714285715,0.4107142857142857,0.0,0.16071428571428573,0.07142857142857142
0.43356643356643354,0.23076923076923078,0.0,0.0979020979020979,0.23776223776223776
0.43478260869565216,0.43478260869565216,0.0,0.043478260869565216,0.08695652173913043
0.3333333333333333,0.36,0.0,0.16,0.14666666666666667
0.30434782608695654,0.391304347826087,0.0,0.21739130434782608,0.08695652173913043
0.32941176470588235,0.25882352941176473,0.0,0.2,0.21176470588235294
0.4727272727272727,0.2545454545454545,0.0,0.09090909090909091,0.18181818181818182
0.3485915492957746,0.31690140845070425,0.0,0.13380281690140844,0.2007042253521127
0.23293172690763053,0.41365461847389556,0.0,0.1646586345381526,0.18875502008032127
0.4274193548387097,0.3467741935483871,0.0,0.08870967741935484,0.13709677419354838
0.453416149068323,0.2670807453416149,0.0,0.12422360248447205,0.15527950310559005
0.27807486631016043,0.44385026737967914,0.0,0.1657754010695187,0.11229946524064172
0.415929203539823,0.24778761061946902,0.0,0.18584070796460178,0.1504424778761062
0.422680412371134,0.1958762886597938,0.0,0.1134020618556701,0.26804123711340205
0.32098765432098764,0.38271604938271603,0.0,0.16049382716049382,0.13580246913580246
0.34285714285714286,0.2714285714285714,0.0,0.12857142857142856,0.2571428571428571
0.26229508196721313,0.3442622950819672,0.0,0.16393442622950818,0.22950819672131148
0.3157894736842105,0.35526315789473684,0.0,0.21052631578947367,0.11842105263157894
0.3950617283950617,0.2839506172839506,0.0,0.20987654320987653,0.1111111111111111
0.3870967741935484,0.22580645161290322,0.0,0.22580645161290322,0.16129032258064516
0.26785714285714285,0.4017857142857143,0.0,0.20535714285714285,0.125
0.36363636363636365,0.2727272727272727,0.0,0.09090909090909091,0.2727272727272727
0.3669064748201439,0.30935251798561153,0.0,0.06474820143884892,0.2589928057553957
0.45714285714285713,0.24285714285714285,0.0,0.08571428571428572,0.21428571428571427
0.5409836065573771,0.19672131147540983,0.0,0.13114754098360656,0.13114754098360656
0.4316546762589928,0.22302158273381295,0.0,0.17266187050359713,0.17266187050359713
0.24324324324324326,0.5405405405405406,0.0,0.08108108108108109,0.13513513513513514
0.3,0.36666666666666664,0.0,0.13333333333333333,0.2
0.40298507462686567,0.373134328358209,0.0,0.05970149253731343,0.16417910447761194
0.30434782608695654,0.32608695652173914,0.0,0.21739130434782608,0.15217391304347827
0.40625,0.34375,0.0,0.15625,0.09375
0.3333333333333333,0.43859649122807015,0.0,0.08771929824561403,0.14035087719298245
0.5,0.32142857142857145,0.0,0.14285714285714285,0.03571428571428571
0.391304347826087,0.21739130434782608,0.0,0.13043478260869565,0.2608695652173913
0.4,0.4,0.0,0.1,0.1
0.46,0.32,0.0,0.12,0.1
0.29411764705882354,0.4,0.0,0.11764705882352941,0.18823529411764706
0.34444444444444444,0.26666666666666666,0.0,0.25555555555555554,0.13333333333333333
0.37777777777777777,0.4,0.0,0.1111111111111111,0.1111111111111111
0.4,0.35,0.0,0.175,0.075
0.3,0.23333333333333334,0.0,0.13333333333333333,0.3333333333333333
0.37,0.32,0.0,0.21,0.1
0.4034090909090909,0.2215909090909091,0.0,0.1534090909090909,0.2215909090909091
0.42528735632183906,0.2988505747126437,0.0,0.12643678160919541,0.14942528735632185
0.42857142857142855,0.25,0.0,0.17857142857142858,0.14285714285714285
0.2702702702702703,0.32432432432432434,0.0,0.21621621621621623,0.1891891891891892
0.4111111111111111,0.2777777777777778,0.0,0.18888888888888888,0.12222222222222222
0.3225806451612903,0.41935483870967744,0.0,0.1935483870967742,0.06451612903225806
0.29591836734693877,0.33163265306122447,0.0,0.18877551020408162,0.1836734693877551
0.4065934065934066,0.24175824175824176,0.0,0.1813186813186813,0.17032967032967034
0.32,0.3022222222222222,0.0,0.16444444444444445,0.21333333333333335
0.30980392156862746,0.38823529411764707,0.0,0.13333333333333333,0.16862745098039217
0.31746031746031744,0.4126984126984127,0.0,0.1111111111111111,0.15873015873015872
0.4246575342465753,0.2876712328767123,0.0,0.1232876712328767,0.1643835616438356
0.4523809523809524,0.2976190476190476,0.0,0.011904761904761904,0.23809523809523808
0.3389830508474576,0.3898305084745763,0.0,0.13559322033898305,0.13559322033898305
0.3902439024390244,0.3170731707317073,0.0,0.21951219512195122,0.07317073170731707
0.3111111111111111,0.24444444444444444,0.0,0.13333333333333333,0.3111111111111111
0.22,0.42,0.0,0.18,0.18
0.4358974358974359,0.3333333333333333,0.0,0.10256410256410256,0.1282051282051282
0.4,0.2,0.0,0.15,0.25
0.40350877192982454,0.2807017543859649,0.0,0.07894736842105263,0.23684210526315788
0.37142857142857144,0.34285714285714286,0.0,0.11428571428571428,0.17142857142857143
0.26865671641791045,0.3283582089552239,0.0,0.22388059701492538,0.1791044776119403
0.47345132743362833,0.24778761061946902,0.0,0.10619469026548672,0.17256637168141592
0.365296803652968,0.3698630136986301,0.0,0.0867579908675799,0.1780821917808219
0.43722943722943725,0.27705627705627706,0.0,0.15151515151515152,0.1341991341991342
0.4,0.28,0.0,0.17333333333333334,0.14666666666666667
0.3770491803278688,0.29508196721311475,0.0,0.21311475409836064,0.11475409836065574
0.35,0.3125,0.0,0.2625,0.075
0.42857142857142855,0.17857142857142858,0.0,0.23214285714285715,0.16071428571428573
0.34328358208955223,0.2537313432835821,0.0,0.2537313432835821,0.14925373134328357
0.2348993288590604,0.3825503355704698,0.0,0.2348993288590604,0.1476510067114094
0.2222222222222222,0.41414141414141414,0.0,0.10101010101010101,0.26262626262626265
0.4157303370786517,0.2808988764044944,0.0,0.1348314606741573,0.16853932584269662
0.3,0.42,0.0,0.16,0.12
0.43478260869565216,0.2826086956521739,0.0,0.17391304347826086,0.10869565217391304
0.5656565656565656,0.16161616161616163,0.0,0.1717171717171717,0.10101010101010101
0.1858974358974359,0.4807692307692308,0.0,0.16025641025641027,0.17307692307692307
0.5263157894736842,0.17543859649122806,0.0,0.10526315789473684,0.19298245614035087
0.4067796610169492,0.2711864406779661,0.0,0.22033898305084745,0.1016949152542373
0.5,0.1827956989247312,0.0,0.0913978494623656,0.22580645161290322
0.43,0.21,0.0,0.18,0.18
0.27380952380952384,0.47619047619047616,0.0,0.17857142857142858,0.07142857142857142
0.3125,0.25,0.0,0.40625,0.03125
0.3582089552238806,0.2537313432835821,0.0,0.08955223880597014,0.29850746268656714
0.44047619047619047,0.23809523809523808,0.0,0.17857142857142858,0.14285714285714285
0.3008849557522124,0.39823008849557523,0.0,0.1504424778761062,0.1504424778761062
0.3855421686746988,0.2891566265060241,0.0,0.1144578313253012,0.21084337349397592
0.4,0.36923076923076925,0.0,0.2153846153846154,0.015384615384615385
0.3157894736842105,0.3333333333333333,0.0,0.12280701754385964,0.22807017543859648
0.37209302325581395,0.3953488372093023,0.0,0.16279069767441862,0.06976744186046512
0.28688524590163933,0.38524590163934425,0.0,0.07377049180327869,0.2540983606557377
0.3391812865497076,0.4619883040935672,0.0,0.05263157894736842,0.14619883040935672
0.5102040816326531,0.20408163265306123,0.0,0.22448979591836735,0.061224489795918366
0.46938775510204084,0.2857142857142857,0.0,0.08163265306122448,0.16326530612244897
0.5,0.19230769230769232,0.0,0.17307692307692307,0.1346153846153846
0.4444444444444444,0.28888888888888886,0.0,0.13333333333333333,0.13333333333333333
0.5277777777777778,0.16666666666666666,0.0,0.05555555555555555,0.25
0.4339622641509434,0.2641509433962264,0.0,0.11320754716981132,0.18867924528301888
0.375,0.175,0.0,0.225,0.225
0.40540540540540543,0.2972972972972973,0.0,0.21621621621621623,0.08108108108108109
0.22727272727272727,0.38636363636363635,0.0,0.22727272727272727,0.1590909090909091
0.358974358974359,0.28205128205128205,0.0,0.20512820512820512,0.15384615384615385
0.32653061224489793,0.3945578231292517,0.0,0.09523809523809523,0.1836734693877551
0.5,0.2426470588235294,0.0,0.10294117647058823,0.15441176470588236
0.3,0.2545454545454545,0.0,0.24545454545454545,0.2
0.4233576642335766,0.30656934306569344,0.0,0.13138686131386862,0.1386861313868613
0.5061728395061729,0.25925925925925924,0.0,0.09876543209876543,0.13580246913580246
0.3877551020408163,0.32653061224489793,0.0,0.1326530612244898,0.15306122448979592
0.4457831325301205,0.3132530120481928,0.0,0.12048192771084337,0.12048192771084337
0.35964912280701755,0.34649122807017546,0.0,0.12280701754385964,0.17105263157894737
0.35555555555555557,0.28444444444444444,0.0,0.20444444444444446,0.15555555555555556
0.3436754176610978,0.27923627684964203,0.0,0.21479713603818615,0.162291169451074
0.4123006833712984,0.28018223234624146,0.0,0.0979498861047836,0.20956719817767655
0.26851851851851855,0.3425925925925926,0.0,0.2962962962962963,0.09259259259259259
0.45714285714285713,0.22857142857142856,0.0,0.17142857142857143,0.14285714285714285
0.45454545454545453,0.18181818181818182,0.0,0.1590909090909091,0.20454545454545456
0.4482758620689655,0.2413793103448276,0.0,0.1724137931034483,0.13793103448275862
0.31666666666666665,0.3,0.0,0.14166666666666666,0.24166666666666667
0.3333333333333333,0.25925925925925924,0.0,0.25925925925925924,0.14814814814814814
0.2413793103448276,0.5517241379310345,0.0,0.13793103448275862,0.06896551724137931
0.2826086956521739,0.39855072463768115,0.0,0.12318840579710146,0.1956521739130435
0.41700404858299595,0.18218623481781376,0.0,0.1214574898785425,0.2793522267206478
0.46153846153846156,0.17482517482517482,0.0,0.11888111888111888,0.24475524475524477
0.27309236947791166,0.3815261044176707,0.0,0.11244979919678715,0.23293172690763053
0.40540540540540543,0.30115830115830117,0.0,0.138996138996139,0.15444015444015444
0.275,0.425,0.0,0.15,0.15
0.48201438848920863,0.17985611510791366,0.0,0.2158273381294964,0.1223021582733813
0.37410071942446044,0.35251798561151076,0.0,0.10071942446043165,0.17266187050359713
0.3619631901840491,0.39263803680981596,0.0,0.13496932515337423,0.11042944785276074
0.3939393939393939,0.2537878787878788,0.0,0.17045454545454544,0.18181818181818182
0.3210332103321033,0.34686346863468637,0.0,0.13284132841328414,0.1992619926199262
0.43119266055045874,0.2018348623853211,0.0,0.11926605504587157,0.24770642201834864
0.45,0.25833333333333336,0.0,0.13333333333333333,0.15833333333333333
0.359375,0.296875,0.0,0.234375,0.109375
0.5040650406504065,0.25203252032520324,0.0,0.13821138211382114,0.10569105691056911
0.23478260869565218,0.41739130434782606,0.0,0.21739130434782608,0.13043478260869565
0.3783783783783784,0.32432432432432434,0.0,0.16216216216216217,0.13513513513513514
0.46296296296296297,0.37037037037037035,0.0,0.09259259259259259,0.07407407407407407
0.5662650602409639,0.20481927710843373,0.0,0.14457831325301204,0.08433734939759036
0.379746835443038,0.16455696202531644,0.0,0.2911392405063291,0.16455696202531644
0.3088235294117647,0.35294117647058826,0.0,0.16176470588235295,0.17647058823529413
0.4044943820224719,0.2808988764044944,0.0,0.12359550561797752,0.19101123595505617
0.3888888888888889,0.2569444444444444,0.0,0.06944444444444445,0.2847222222222222
0.4777777777777778,0.25555555555555554,0.0,0.17777777777777778,0.08888888888888889
0.4198473282442748,0.2366412213740458,0.0,0.16793893129770993,0.17557251908396945
0.43373493975903615,0.25301204819277107,0.0,0.1686746987951807,0.14457831325301204
0.41935483870967744,0.27956989247311825,0.0,0.06451612903225806,0.23655913978494625
0.37362637362637363,0.2857142857142857,0.0,0.18681318681318682,0.15384615384615385
0.2916666666666667,0.3541666666666667,0.0,0.125,0.22916666666666666
0.5108695652173914,0.18478260869565216,0.0,0.07608695652173914,0.22826086956521738
0.42592592592592593,0.25925925925925924,0.0,0.16666666666666666,0.14814814814814814
0.5443037974683544,0.24050632911392406,0.0,0.0759493670886076,0.13924050632911392
0.4845360824742268,0.29896907216494845,0.0,0.07216494845360824,0.14432989690721648
0.3595505617977528,0.30337078651685395,0.0,0.10112359550561797,0.23595505617977527
0.2,0.4666666666666667,0.0,0.13333333333333333,0.2
0.38461538461538464,0.1282051282051282,0.0,0.41025641025641024,0.07692307692307693
0.390625,0.359375,0.0,0.109375,0.140625
0.4838709677419355,0.3387096774193548,0.0,0.08064516129032258,0.0967741935483871
0.2830188679245283,0.32075471698113206,0.0,0.22641509433962265,0.16981132075471697
0.2413793103448276,0.4482758620689655,0.0,0.06896551724137931,0.2413793103448276
0.45454545454545453,0.2727272727272727,0.0,0.09090909090909091,0.18181818181818182
0.33783783783783783,0.36486486486486486,0.0,0.13513513513513514,0.16216216216216217
0.4675324675324675,0.3116883116883117,0.0,0.16883116883116883,0.05194805194805195
0.30434782608695654,0.32608695652173914,0.0,0.17391304347826086,0.1956521739130435
0.0,1.0,0.0,0.0,0.0
0.5652173913043478,0.2608695652173913,0.0,0.08695652173913043,0.08695652173913043
0.28125,0.3125,0.0,0.09375,0.3125
0.38461538461538464,0.2564102564102564,0.0,0.28205128205128205,0.07692307692307693
0.46153846153846156,0.2692307692307692,0.0,0.19230769230769232,0.07692307692307693
0.36764705882352944,0.3088235294117647,0.0,0.16176470588235295,0.16176470588235295
0.37349397590361444,0.37349397590361444,0.0,0.14457831325301204,0.10843373493975904
0.375,0.3181818181818182,0.0,0.19318181818181818,0.11363636363636363
0.4166666666666667,0.30952380952380953,0.0,0.11904761904761904,0.15476190476190477
0.36470588235294116,0.25882352941176473,0.0,0.058823529411764705,0.3176470588235294
0.4044943820224719,0.2696629213483146,0.0,0.07865168539325842,0.24719101123595505
0.42,0.28,0.0,0.08,0.22
0.175,0.45,0.0,0.1,0.275
0.2558139534883721,0.4186046511627907,0.0,0.16279069767441862,0.16279069767441862
0.36363636363636365,0.3409090909090909,0.0,0.11363636363636363,0.18181818181818182
0.32432432432432434,0.40540540540540543,0.0,0.10810810810810811,0.16216216216216217
0.14634146341463414,0.5365853658536586,0.0,0.14634146341463414,0.17073170731707318
0.3125,0.3333333333333333,0.0,0.1875,0.16666666666666666
0.3502824858757062,0.3898305084745763,0.0,0.15254237288135594,0.10734463276836158
0.3786407766990291,0.30097087378640774,0.0,0.14563106796116504,0.17475728155339806
0.3877551020408163,0.46938775510204084,0.0,0.02040816326530612,0.12244897959183673
0.3076923076923077,0.4307692307692308,0.0,0.16923076923076924,0.09230769230769231
0.40540540540540543,0.43243243243243246,0.0,0.0945945945945946,0.06756756756756757
0.5405405405405406,0.24324324324324326,0.0,0.0,0.21621621621621623
0.3875,0.30625,0.0,0.1125,0.19375
0.4768211920529801,0.33112582781456956,0.0,0.10596026490066225,0.08609271523178808
0.4,0.2625,0.0,0.125,0.2125
0.2564102564102564,0.37606837606837606,0.0,0.1623931623931624,0.20512820512820512
0.38461538461538464,0.2948717948717949,0.0,0.16666666666666666,0.15384615384615385
0.4634146341463415,0.1951219512195122,0.0,0.14634146341463414,0.1951219512195122
0.38461538461538464,0.36923076923076925,0.0,0.1076923076923077,0.13846153846153847
0.37089201877934275,0.323943661971831,0.0,0.12206572769953052,0.18309859154929578
0.3978494623655914,0.2724014336917563,0.0,0.10752688172043011,0.2222222222222222
0.37327188940092165,0.3456221198156682,0.0,0.12442396313364056,0.15668202764976957
0.3898305084745763,0.3135593220338983,0.0,0.15254237288135594,0.1440677966101695
0.4276729559748428,0.2641509433962264,0.0,0.1320754716981132,0.1761006289308176
0.43333333333333335,0.2833333333333333,0.0,0.13333333333333333,0.15
0.4444444444444444,0.29292929292929293,0.0,0.12121212121212122,0.1414141414141414
0.40229885057471265,0.28735632183908044,0.0,0.05747126436781609,0.25287356321839083
0.3870967741935484,0.23655913978494625,0.0,0.13978494623655913,0.23655913978494625
0.5517241379310345,0.1896551724137931,0.0,0.09482758620689655,0.16379310344827586
0.42857142857142855,0.26285714285714284,0.0,0.10857142857142857,0.2
0.20300751879699247,0.3458646616541353,0.0,0.23308270676691728,0.21804511278195488
0.31794871794871793,0.2205128205128205,0.0,0.17435897435897435,0.28717948717948716
0.3444976076555024,0.22488038277511962,0.0,0.15311004784688995,0.27751196172248804
0.5932203389830508,0.11864406779661017,0.0,0.1694915254237288,0.11864406779661017
0.2982456140350877,0.42105263157894735,0.0,0.14035087719298245,0.14035087719298245
0.3728813559322034,0.3728813559322034,0.0,0.13559322033898305,0.11864406779661017
0.3709677419354839,0.2903225806451613,0.0,0.20967741935483872,0.12903225806451613
0.40425531914893614,0.10638297872340426,0.0,0.2127659574468085,0.2765957446808511
0.5043478260869565,0.22608695652173913,0.0,0.11304347826086956,0.1565217391304348
0.3111111111111111,0.36666666666666664,0.0,0.18888888888888888,0.13333333333333333
0.3741935483870968,0.4,0.0,0.09032258064516129,0.13548387096774195
0.4036697247706422,0.24770642201834864,0.0,0.13761467889908258,0.21100917431192662
0.36363636363636365,0.2727272727272727,0.0,0.15151515151515152,0.21212121212121213
0.40875912408759124,0.26277372262773724,0.0,0.10218978102189781,0.22627737226277372
0.22419928825622776,0.39501779359430605,0.0,0.18505338078291814,0.19572953736654805
0.37404580152671757,0.2748091603053435,0.0,0.16793893129770993,0.183206106870229
0.37158469945355194,0.36065573770491804,0.0,0.1366120218579235,0.13114754098360656
0.3048780487804878,0.2804878048780488,0.0,0.17073170731707318,0.24390243902439024
0.42105263157894735,0.25,0.0,0.14473684210526316,0.18421052631578946
0.525,0.275,0.0,0.15,0.05
0.391304347826087,0.2753623188405797,0.0,0.17391304347826086,0.15942028985507245
0.4647887323943662,0.2676056338028169,0.0,0.15492957746478872,0.11267605633802817
0.4473684210526316,0.42105263157894735,0.0,0.02631578947368421,0.10526315789473684
0.4,0.4,0.0,0.07096774193548387,0.12903225806451613
0.174496644295302,0.6040268456375839,0.0,0.04697986577181208,0.174496644295302
0.42857142857142855,0.2619047619047619,0.0,0.14285714285714285,0.16666666666666666
0.5,0.11764705882352941,0.0,0.29411764705882354,0.08823529411764706
0.25925925925925924,0.35185185185185186,0.0,0.25925925925925924,0.12962962962962962
0.2,0.2,0.0,0.2,0.4
0.2375,0.4375,0.0,0.2,0.125
0.34328358208955223,0.3283582089552239,0.0,0.13432835820895522,0.19402985074626866
0.3157894736842105,0.2631578947368421,0.0,0.13157894736842105,0.2894736842105263
0.35658914728682173,0.32558139534883723,0.0,0.13953488372093023,0.17829457364341086
0.3129251700680272,0.3129251700680272,0.0,0.23129251700680273,0.14285714285714285
0.2809917355371901,0.38016528925619836,0.0,0.24793388429752067,0.09090909090909091
0.2857142857142857,0.26785714285714285,0.0,0.17857142857142858,0.26785714285714285
0.16883116883116883,0.4025974025974026,0.0,0.2727272727272727,0.15584415584415584
0.4166666666666667,0.3055555555555556,0.0,0.09722222222222222,0.18055555555555555
0.2727272727272727,0.3787878787878788,0.0,0.045454545454545456,0.30303030303030304
0.4788732394366197,0.2112676056338028,0.0,0.07042253521126761,0.23943661971830985
0.48484848484848486,0.2878787878787879,0.0,0.06060606060606061,0.16666666666666666
0.35064935064935066,0.36363636363636365,0.0,0.07792207792207792,0.2077922077922078
0.3103448275862069,0.3793103448275862,0.0,0.10919540229885058,0.20114942528735633
0.46511627906976744,0.18604651162790697,0.0,0.13953488372093023,0.20930232558139536
0.5087719298245614,0.19298245614035087,0.0,0.08771929824561403,0.21052631578947367
0.28888888888888886,0.4666666666666667,0.0,0.13333333333333333,0.1111111111111111
0.4186046511627907,0.18604651162790697,0.0,0.20930232558139536,0.18604651162790697
0.3695652173913043,0.391304347826087,0.0,0.08695652173913043,0.15217391304347827
0.3583815028901734,0.3815028901734104,0.0,0.09826589595375723,0.16184971098265896
0.5185185185185185,0.25925925925925924,0.0,0.10648148148148148,0.11574074074074074
0.4358974358974359,0.20512820512820512,0.0,0.10256410256410256,0.2564102564102564
0.2978723404255319,0.3191489361702128,0.0,0.20212765957446807,0.18085106382978725
0.5357142857142857,0.19642857142857142,0.0,0.16071428571428573,0.10714285714285714
0.3170731707317073,0.3170731707317073,0.0,0.14634146341463414,0.21951219512195122
0.37349397590361444,0.3132530120481928,0.0,0.1566265060240964,0.1566265060240964
0.32051282051282054,0.44871794871794873,0.0,0.14102564102564102,0.08974358974358974
0.38235294117647056,0.27941176470588236,0.0,0.08823529411764706,0.25
0.25961538461538464,0.2980769230769231,0.0,0.19230769230769232,0.25
0.3888888888888889,0.25925925925925924,0.0,0.12962962962962962,0.2222222222222222
0.24,0.28,0.0,0.2,0.28
0.2833333333333333,0.5,0.0,0.15,0.06666666666666667
0.375,0.22916666666666666,0.0,0.3333333333333333,0.0625
0.3148148148148148,0.25925925925925924,0.0,0.18518518518518517,0.24074074074074073
0.36538461538461536,0.23076923076923078,0.0,0.15384615384615385,0.25
0.16,0.48,0.0,0.32,0.04
0.3888888888888889,0.2777777777777778,0.0,0.16666666666666666,0.16666666666666666
0.23255813953488372,0.32558139534883723,0.0,0.3488372093023256,0.09302325581395349
0.3888888888888889,0.3333333333333333,0.0,0.1111111111111111,0.16666666666666666
0.4235294117647059,0.27058823529411763,0.0,0.08235294117647059,0.2235294117647059
0.37410071942446044,0.34532374100719426,0.0,0.05755395683453238,0.22302158273381295
0.30434782608695654,0.42995169082125606,0.0,0.14009661835748793,0.12560386473429952
0.37083333333333335,0.20416666666666666,0.0,0.14166666666666666,0.2833333333333333
0.40963855421686746,0.3132530120481928,0.0,0.1927710843373494,0.08433734939759036
0.19480519480519481,0.38311688311688313,0.0,0.2012987012987013,0.22077922077922077
0.2331288343558282,0.37423312883435583,0.0,0.19631901840490798,0.19631901840490798
0.41580756013745707,0.24398625429553264,0.0,0.1718213058419244,0.16838487972508592
0.28187919463087246,0.40604026845637586,0.0,0.18791946308724833,0.12416107382550336
0.42,0.32,0.0,0.12,0.14
0.24603174603174602,0.36507936507936506,0.0,0.12698412698412698,0.2619047619047619
0.24812030075187969,0.42857142857142855,0.0,0.18045112781954886,0.14285714285714285
0.4484304932735426,0.26905829596412556,0.0,0.15695067264573992,0.12556053811659193
0.36254980079681276,0.38247011952191234,0.0,0.12350597609561753,0.13147410358565736
0.4065040650406504,0.25203252032520324,0.0,0.1016260162601626,0.23983739837398374
0.35656836461126007,0.3109919571045576,0.0,0.09651474530831099,0.2359249329758713
0.34854771784232363,0.4149377593360996,0.0,0.0954356846473029,0.14107883817427386
0.29838709677419356,0.3225806451612903,0.0,0.14516129032258066,0.23387096774193547
0.3208955223880597,0.27611940298507465,0.0,0.1044776119402985,0.29850746268656714
0.3684210526315789,0.2631578947368421,0.0,0.19298245614035087,0.17543859649122806
0.16666666666666666,0.16666666666666666,0.0,0.3333333333333333,0.3333333333333333
0.3113207547169811,0.25,0.0,0.25471698113207547,0.18396226415094338
0.3181818181818182,0.3181818181818182,0.0,0.1414141414141414,0.2222222222222222
0.3111111111111111,0.3888888888888889,0.0,0.15555555555555556,0.14444444444444443
0.3548387096774194,0.24193548387096775,0.0,0.12096774193548387,0.28225806451612906
0.34234234234234234,0.26126126126126126,0.0,0.17117117117117117,0.22522522522522523
0.3064516129032258,0.22580645161290322,0.0,0.18548387096774194,0.28225806451612906
0.3333333333333333,0.3611111111111111,0.0,0.125,0.18055555555555555
0.2808988764044944,0.42696629213483145,0.0,0.14606741573033707,0.14606741573033707
0.4,0.3142857142857143,0.0,0.11428571428571428,0.17142857142857143
0.36,0.28,0.0,0.12,0.24
0.4583333333333333,0.22916666666666666,0.0,0.1875,0.125
0.2702702702702703,0.5135135135135135,0.0,0.08108108108108109,0.13513513513513514
0.2,0.24,0.0,0.32,0.24
0.34868421052631576,0.40460526315789475,0.0,0.0625,0.18421052631578946
0.16666666666666666,0.23333333333333334,0.0,0.2,0.4
0.42857142857142855,0.3,0.0,0.2,0.07142857142857142
0.45901639344262296,0.22950819672131148,0.0,0.08196721311475409,0.22950819672131148
0.27692307692307694,0.47692307692307695,0.0,0.07692307692307693,0.16923076923076924
0.379746835443038,0.24050632911392406,0.0,0.11392405063291139,0.26582278481012656
0.3125,0.21875,0.0,0.09375,0.375
0.35064935064935066,0.33766233766233766,0.0,0.19480519480519481,0.11688311688311688
0.42857142857142855,0.32857142857142857,0.0,0.12857142857142856,0.11428571428571428
0.4297520661157025,0.30578512396694213,0.0,0.06611570247933884,0.19834710743801653
0.3103448275862069,0.20689655172413793,0.0,0.27586206896551724,0.20689655172413793
0.2465753424657534,0.4246575342465753,0.0,0.1506849315068493,0.1780821917808219
0.3,0.3111111111111111,0.0,0.2222222222222222,0.16666666666666666
0.3611111111111111,0.37037037037037035,0.0,0.1111111111111111,0.1574074074074074
0.2727272727272727,0.5,0.0,0.07575757575757576,0.15151515151515152
0.5087719298245614,0.2807017543859649,0.0,0.05263157894736842,0.15789473684210525
0.41379310344827586,0.3103448275862069,0.0,0.15517241379310345,0.1206896551724138
0.27450980392156865,0.4117647058823529,0.0,0.13725490196078433,0.17647058823529413
0.34,0.36,0.0,0.1,0.2
0.3684210526315789,0.47368421052631576,0.0,0.07017543859649122,0.08771929824561403
0.3333333333333333,0.2948717948717949,0.0,0.15384615384615385,0.21794871794871795
0.3253012048192771,0.3614457831325301,0.0,0.04819277108433735,0.26506024096385544
0.3333333333333333,0.5454545454545454,0.0,0.09090909090909091,0.030303030303030304
0.4489795918367347,0.32653061224489793,0.0,0.14285714285714285,0.08163265306122448
0.41304347826086957,0.391304347826087,0.0,0.17391304347826086,0.021739130434782608
0.189873417721519,0.4177215189873418,0.0,0.1962025316455696,0.1962025316455696
0.4430379746835443,0.3037974683544304,0.0,0.08860759493670886,0.16455696202531644
0.42857142857142855,0.2857142857142857,0.0,0.10714285714285714,0.17857142857142858
0.5567010309278351,0.13402061855670103,0.0,0.14432989690721648,0.16494845360824742
0.5256410256410257,0.19230769230769232,0.0,0.14102564102564102,0.14102564102564102
0.43373493975903615,0.24096385542168675,0.0,0.13253012048192772,0.1927710843373494
0.3779264214046823,0.2976588628762542,0.0,0.08695652173913043,0.23745819397993312
0.3116883116883117,0.36363636363636365,0.0,0.1266233766233766,0.19805194805194806
0.24096385542168675,0.4457831325301205,0.0,0.1566265060240964,0.1566265060240964
0.28368794326241137,0.3971631205673759,0.0,0.11347517730496454,0.20567375886524822
0.35294117647058826,0.3025210084033613,0.0,0.11764705882352941,0.226890756302521
0.2833333333333333,0.38333333333333336,0.0,0.2,0.13333333333333333
0.3582089552238806,0.22388059701492538,0.0,0.22388059701492538,0.19402985074626866
0.36666666666666664,0.3333333333333333,0.0,0.16666666666666666,0.13333333333333333
0.21212121212121213,0.45454545454545453,0.0,0.21212121212121213,0.12121212121212122
0.3770491803278688,0.3114754098360656,0.0,0.11475409836065574,0.19672131147540983
0.3,0.4,0.0,0.06,0.24
0.3103448275862069,0.3448275862068966,0.0,0.25287356321839083,0.09195402298850575
0.42857142857142855,0.35714285714285715,0.0,0.07142857142857142,0.14285714285714285
0.33962264150943394,0.2830188679245283,0.0,0.22641509433962265,0.1509433962264151
0.4222222222222222,0.35555555555555557,0.0,0.13333333333333333,0.08888888888888889
0.20987654320987653,0.49382716049382713,0.0,0.13580246913580246,0.16049382716049382
0.32608695652173914,0.391304347826087,0.0,0.15217391304347827,0.13043478260869565
0.5161290322580645,0.25806451612903225,0.0,0.0967741935483871,0.12903225806451613
0.34911242603550297,0.33727810650887574,0.0,0.1301775147928994,0.1834319526627219
0.44776119402985076,0.29850746268656714,0.0,0.07462686567164178,0.1791044776119403
0.3434343434343434,0.29292929292929293,0.0,0.1414141414141414,0.2222222222222222
0.3157894736842105,0.38596491228070173,0.0,0.14035087719298245,0.15789473684210525
0.28431372549019607,0.35784313725490197,0.0,0.10784313725490197,0.25
0.416289592760181,0.2986425339366516,0.0,0.1583710407239819,0.12669683257918551
0.42105263157894735,0.39473684210526316,0.0,0.07894736842105263,0.10526315789473684
0.3170731707317073,0.35365853658536583,0.0,0.07317073170731707,0.25609756097560976
0.23076923076923078,0.48717948717948717,0.0,0.23076923076923078,0.05128205128205128
0.4117647058823529,0.29411764705882354,0.0,0.11764705882352941,0.17647058823529413
0.4107142857142857,0.2857142857142857,0.0,0.16071428571428573,0.14285714285714285
0.5111111111111111,0.2,0.0,0.06666666666666667,0.2222222222222222
0.23333333333333334,0.16666666666666666,0.0,0.3333333333333333,0.26666666666666666
0.3492063492063492,0.42857142857142855,0.0,0.1746031746031746,0.047619047619047616
0.48484848484848486,0.12121212121212122,0.0,0.18181818181818182,0.21212121212121213
0.47619047619047616,0.2857142857142857,0.0,0.09523809523809523,0.14285714285714285
0.3282442748091603,0.366412213740458,0.0,0.13740458015267176,0.16793893129770993
0.33540372670807456,0.4409937888198758,0.0,0.07453416149068323,0.14906832298136646
0.39622641509433965,0.2358490566037736,0.0,0.14150943396226415,0.22641509433962265
0.23376623376623376,0.5194805194805194,0.0,0.2077922077922078,0.03896103896103896
0.41603053435114506,0.26717557251908397,0.0,0.09541984732824428,0.22137404580152673
0.3008474576271186,0.4025423728813559,0.0,0.1228813559322034,0.17372881355932204
0.3492063492063492,0.3333333333333333,0.0,0.15873015873015872,0.15873015873015872
0.390625,0.234375,0.0,0.21875,0.15625
0.37719298245614036,0.2807017543859649,0.0,0.07894736842105263,0.2631578947368421
0.35,0.275,0.0,0.1,0.275
0.425531914893617,0.3191489361702128,0.0,0.0851063829787234,0.1702127659574468
0.23076923076923078,0.38461538461538464,0.0,0.07692307692307693,0.3076923076923077
0.328125,0.25,0.0,0.1875,0.234375
0.35294117647058826,0.2549019607843137,0.0,0.23529411764705882,0.1568627450980392
0.34545454545454546,0.41818181818181815,0.0,0.01818181818181818,0.21818181818181817
0.4174757281553398,0.33980582524271846,0.0,0.11650485436893204,0.1262135922330097
0.453125,0.28125,0.0,0.15625,0.109375
0.36666666666666664,0.30833333333333335,0.0,0.25833333333333336,0.06666666666666667
0.4,0.3,0.0,0.1625,0.1375
0.34285714285714286,0.22857142857142856,0.0,0.14285714285714285,0.2857142857142857
0.44871794871794873,0.2692307692307692,0.0,0.11538461538461539,0.16666666666666666
0.4603174603174603,0.23809523809523808,0.0,0.12698412698412698,0.1746031746031746
0.3235294117647059,0.35294117647058826,0.0,0.17647058823529413,0.14705882352941177
0.47058823529411764,0.29411764705882354,0.0,0.11764705882352941,0.11764705882352941
0.265625,0.28125,0.0,0.171875,0.28125
0.45454545454545453,0.25757575757575757,0.0,0.13636363636363635,0.15151515151515152
0.25,0.265625,0.0,0.1875,0.296875
0.2980769230769231,0.40384615384615385,0.0,0.19230769230769232,0.10576923076923077
0.25,0.4659090909090909,0.0,0.07954545454545454,0.20454545454545456
0.36363636363636365,0.36363636363636365,0.0,0.14772727272727273,0.125
0.472,0.296,0.0,0.12,0.112
0.36666666666666664,0.38333333333333336,0.0,0.05,0.2
0.3176470588235294,0.4,0.0,0.07058823529411765,0.21176470588235294
0.32142857142857145,0.2857142857142857,0.0,0.25,0.14285714285714285
0.5,0.2,0.0,0.12857142857142856,0.17142857142857143
0.45714285714285713,0.2571428571428571,0.0,0.11428571428571428,0.17142857142857143
0.34545454545454546,0.2727272727272727,0.0,0.21818181818181817,0.16363636363636364
0.3225806451612903,0.3870967741935484,0.0,0.0967741935483871,0.1935483870967742
0.375,0.25,0.0,0.225,0.15
0.5,0.16666666666666666,0.0,0.16666666666666666,0.16666666666666666
0.6,0.2,0.0,0.03333333333333333,0.16666666666666666
0.37777777777777777,0.24444444444444444,0.0,0.1111111111111111,0.26666666666666666
0.2903225806451613,0.2903225806451613,0.0,0.3870967741935484,0.03225806451612903
0.25,0.4375,0.0,0.25,0.0625
0.12,0.48,0.0,0.12,0.28
0.391304347826087,0.17391304347826086,0.0,0.13043478260869565,0.30434782608695654
0.40816326530612246,0.2857142857142857,0.0,0.1836734693877551,0.12244897959183673
0.25925925925925924,0.4444444444444444,0.0,0.16666666666666666,0.12962962962962962
0.36065573770491804,0.32786885245901637,0.0,0.16393442622950818,0.14754098360655737
0.41,0.25,0.0,0.04,0.3
0.3888888888888889,0.3148148148148148,0.0,0.14814814814814814,0.14814814814814814
0.4246575342465753,0.2876712328767123,0.0,0.136986301369863,0.1506849315068493
0.3793103448275862,0.3793103448275862,0.0,0.11494252873563218,0.12643678160919541
0.5256410256410257,0.1794871794871795,0.0,0.1794871794871795,0.11538461538461539
0.3645833333333333,0.34375,0.0,0.125,0.16666666666666666
0.3559322033898305,0.3474576271186441,0.0,0.1440677966101695,0.15254237288135594
